2024-05-22 19:27:42.199698,0.23,-0.17,1.18
2024-05-22 19:27:42.300662,0.37,0.04,1.27
2024-05-22 19:27:42.403244,0.06,-0.02,1.21
2024-05-22 19:27:42.507010,-0.01,-0.08,1.14
2024-05-22 19:27:42.607935,0.12,-0.09,1.27
2024-05-22 19:27:42.710224,0.09,-0.1,1.18
2024-05-22 19:27:42.812086,0.07,-0.13,1.17
2024-05-22 19:27:42.912729,0.17,-0.12,1.18
2024-05-22 19:27:43.015508,0.16,-0.13,1.22
2024-05-22 19:27:43.116535,0.13,-0.12,1.21
2024-05-22 19:27:43.218542,0.13,-0.12,1.25
2024-05-22 19:27:43.320993,0.1,-0.11,1.18
2024-05-22 19:27:43.423165,0.09,-0.11,1.19
2024-05-22 19:27:43.525682,0.08,-0.13,1.21
2024-05-22 19:27:43.627616,0.12,-0.14,1.23
2024-05-22 19:27:43.729641,0.15,-0.12,1.2
2024-05-22 19:27:43.830691,0.13,-0.13,1.19
2024-05-22 19:27:43.933124,0.14,-0.12,1.22
2024-05-22 19:27:44.036304,0.13,-0.13,1.22
2024-05-22 19:27:44.136842,0.2,-0.14,1.21
2024-05-22 19:27:44.238700,0.18,-0.14,1.18
2024-05-22 19:27:44.340833,0.15,-0.13,1.2
2024-05-22 19:27:44.443031,0.12,-0.14,1.21
2024-05-22 19:27:44.545175,0.11,-0.14,1.19
2024-05-22 19:27:44.646580,0.11,-0.12,1.22
2024-05-22 19:27:44.749413,0.08,-0.12,1.2
2024-05-22 19:27:44.850818,0,-0.13,1.24
2024-05-22 19:27:44.953699,-0.24,-0.09,1.27
2024-05-22 19:27:45.055096,-0.05,-0.04,1.18
2024-05-22 19:27:45.156508,0.06,-0.09,1.24
2024-05-22 19:27:45.258478,0.21,-0.01,1.19
2024-05-22 19:27:45.359779,0.41,0.04,1.18
2024-05-22 19:27:45.462276,0.41,-0.02,1.13
2024-05-22 19:27:45.564569,0.54,-0.1,1.18
2024-05-22 19:27:45.666102,0.43,-0.11,1.19
2024-05-22 19:27:45.769090,0.37,-0.12,1.23
2024-05-22 19:27:45.871029,0.19,-0.18,1.17
2024-05-22 19:27:45.972504,0.22,-0.18,1.2
2024-05-22 19:27:46.074724,0.22,-0.21,1.21
2024-05-22 19:27:46.176437,0.13,-0.19,1.16
2024-05-22 19:27:46.277615,0.18,-0.21,1.13
2024-05-22 19:27:46.379736,0.09,-0.21,1.2
2024-05-22 19:27:46.481796,0.11,-0.2,1.16
2024-05-22 19:27:46.583835,0.14,-0.19,1.18
2024-05-22 19:27:46.686891,0.18,-0.2,1.19
2024-05-22 19:27:46.788531,0.15,-0.19,1.18
2024-05-22 19:27:46.889834,0.14,-0.2,1.21
2024-05-22 19:27:46.992106,0.18,-0.19,1.19
2024-05-22 19:27:47.093881,0.16,-0.2,1.2
2024-05-22 19:27:47.196825,0.15,-0.2,1.19
2024-05-22 19:27:47.298497,0.17,-0.2,1.18
2024-05-22 19:27:47.399968,0.19,-0.19,1.16
2024-05-22 19:27:47.502507,0.18,-0.19,1.18
2024-05-22 19:27:47.603952,0.18,-0.2,1.19
2024-05-22 19:27:47.707297,0.18,-0.2,1.18
2024-05-22 19:27:47.808486,0.18,-0.19,1.2
2024-05-22 19:27:47.910505,0.2,-0.19,1.17
2024-05-22 19:27:48.012481,0.18,-0.18,1.17
2024-05-22 19:27:48.113881,0.18,-0.2,1.19
2024-05-22 19:27:48.215584,0.18,-0.19,1.18
2024-05-22 19:27:48.317881,0.18,-0.19,1.18
2024-05-22 19:27:48.420560,0.16,-0.18,1.18
2024-05-22 19:27:48.522381,0.19,-0.19,1.17
2024-05-22 19:27:48.624233,0.18,-0.19,1.2
2024-05-22 19:27:48.726718,0.21,-0.19,1.19
2024-05-22 19:27:48.827839,0.21,-0.19,1.19
2024-05-22 19:27:48.928801,0.24,-0.18,1.2
2024-05-22 19:27:49.030921,0.38,-0.14,1.18
2024-05-22 19:27:49.132729,0.33,-0.14,1.18
2024-05-22 19:27:49.235737,0.35,-0.13,1.14
2024-05-22 19:27:49.337611,0.12,-0.03,1.2
2024-05-22 19:27:49.439378,0.01,-0.02,1.17
2024-05-22 19:27:49.542735,-0.27,-0.02,1.22
2024-05-22 19:27:49.643590,-0.26,-0.09,1.28
2024-05-22 19:27:49.746306,-0.01,-0.09,1.29
2024-05-22 19:27:49.847738,0.05,-0.1,1.21
2024-05-22 19:27:49.949144,0.09,-0.09,1.21
2024-05-22 19:27:50.051472,0.09,-0.1,1.22
2024-05-22 19:27:50.153817,0.06,-0.11,1.21
2024-05-22 19:27:50.255266,0.06,-0.11,1.23
2024-05-22 19:27:50.356905,0.07,-0.11,1.2
2024-05-22 19:27:50.458405,0.06,-0.11,1.22
2024-05-22 19:27:50.560481,0.07,-0.11,1.21
2024-05-22 19:27:50.663426,0.09,-0.11,1.21
2024-05-22 19:27:50.765522,0.09,-0.09,1.2
2024-05-22 19:27:50.866611,0.08,-0.1,1.2
2024-05-22 19:27:50.969270,0.1,-0.11,1.21
2024-05-22 19:27:51.071204,0.11,-0.11,1.2
2024-05-22 19:27:51.172483,0.1,-0.1,1.2
2024-05-22 19:27:51.274152,0.09,-0.1,1.2
2024-05-22 19:27:51.376946,0.09,-0.11,1.21
2024-05-22 19:27:51.479170,0.1,-0.11,1.19
2024-05-22 19:27:51.581658,0.11,-0.11,1.21
2024-05-22 19:27:51.683178,0.13,-0.11,1.21
2024-05-22 19:27:51.784761,0.12,-0.11,1.21
2024-05-22 19:27:51.887110,0.12,-0.11,1.2
2024-05-22 19:27:51.989027,0.13,-0.11,1.22
2024-05-22 19:27:52.090839,0.12,-0.11,1.21
2024-05-22 19:27:52.193077,0.12,-0.1,1.2
2024-05-22 19:27:52.294825,0.12,-0.11,1.21
2024-05-22 19:27:52.396526,0.11,-0.11,1.2
2024-05-22 19:27:52.499061,0.14,-0.11,1.21
2024-05-22 19:27:52.601063,0.14,-0.12,1.19
2024-05-22 19:27:52.702751,0.12,-0.11,1.2
2024-05-22 19:27:52.804656,0.14,-0.11,1.2
2024-05-22 19:27:52.907034,0.13,-0.11,1.22
2024-05-22 19:27:53.009249,0.12,-0.11,1.22
2024-05-22 19:27:53.111420,0.14,-0.11,1.18
2024-05-22 19:27:53.211580,0.03,-0.11,1.19
2024-05-22 19:27:53.315467,-0.22,-0.1,1.37
2024-05-22 19:27:53.415681,-0.1,0,1.36
2024-05-22 19:27:53.517435,0.1,0.02,1.21
2024-05-22 19:27:53.619342,0.37,0.04,1.11
2024-05-22 19:27:53.722952,0.59,-0.01,1.03
2024-05-22 19:27:53.825559,0.57,-0.1,1.09
2024-05-22 19:27:53.926421,0.45,-0.17,1.16
2024-05-22 19:27:54.028121,0.39,-0.18,1.17
2024-05-22 19:27:54.130439,0.28,-0.19,1.18
2024-05-22 19:27:54.231205,0.29,-0.18,1.18
2024-05-22 19:27:54.334531,0.24,-0.21,1.15
2024-05-22 19:27:54.436564,0.2,-0.21,1.17
2024-05-22 19:27:54.537224,0.22,-0.21,1.18
2024-05-22 19:27:54.640340,0.23,-0.21,1.16
2024-05-22 19:27:54.742504,0.2,-0.2,1.15
2024-05-22 19:27:54.843378,0.2,-0.2,1.19
2024-05-22 19:27:54.946174,0.22,-0.2,1.17
2024-05-22 19:27:55.048012,0.24,-0.2,1.18
2024-05-22 19:27:55.150263,0.23,-0.2,1.17
2024-05-22 19:27:55.252309,0.23,-0.2,1.19
2024-05-22 19:27:55.354234,0.23,-0.2,1.17
2024-05-22 19:27:55.456689,0.2,-0.2,1.19
2024-05-22 19:27:55.558119,0.2,-0.19,1.16
2024-05-22 19:27:55.660498,0.2,-0.2,1.19
2024-05-22 19:27:55.761963,0.24,-0.2,1.18
2024-05-22 19:27:55.863655,0.23,-0.2,1.18
2024-05-22 19:27:55.966192,0.21,-0.2,1.19
2024-05-22 19:27:56.068043,0.22,-0.2,1.18
2024-05-22 19:27:56.169677,0.21,-0.2,1.17
2024-05-22 19:27:56.272340,0.21,-0.19,1.17
2024-05-22 19:27:56.373112,0.21,-0.19,1.17
2024-05-22 19:27:56.475829,0.23,-0.19,1.18
2024-05-22 19:27:56.577957,0.24,-0.21,1.18
2024-05-22 19:27:56.679877,0.22,-0.19,1.18
2024-05-22 19:27:56.781182,0.23,-0.2,1.17
2024-05-22 19:27:56.882470,0.22,-0.19,1.17
2024-05-22 19:27:56.984750,0.23,-0.19,1.17
2024-05-22 19:27:57.087716,0.23,-0.19,1.17
2024-05-22 19:27:57.190466,0.22,-0.2,1.16
2024-05-22 19:27:57.291837,0.24,-0.2,1.18
2024-05-22 19:27:57.393900,0.25,-0.19,1.17
2024-05-22 19:27:57.495305,0.29,-0.18,1.18
2024-05-22 19:27:57.597557,0.43,-0.16,1.2
2024-05-22 19:27:57.699087,0.5,-0.13,1.12
2024-05-22 19:27:57.801678,0.29,-0.12,1.16
2024-05-22 19:27:57.902454,0.23,-0.07,1.16
2024-05-22 19:27:58.004790,0.09,-0.04,1.17
2024-05-22 19:27:58.108493,-0.13,-0.03,1.16
2024-05-22 19:27:58.210494,-0.3,-0.09,1.27
2024-05-22 19:27:58.312531,-0.05,-0.09,1.27
2024-05-22 19:27:58.412989,0.05,-0.09,1.2
2024-05-22 19:27:58.515002,0.11,-0.08,1.14
2024-05-22 19:27:58.617811,0.12,-0.12,1.22
2024-05-22 19:27:58.719240,0.11,-0.12,1.24
2024-05-22 19:27:58.820333,0.06,-0.1,1.25
2024-05-22 19:27:58.923388,0.08,-0.11,1.14
2024-05-22 19:27:59.025432,0.1,-0.14,1.2
2024-05-22 19:27:59.127145,0.09,-0.12,1.21
2024-05-22 19:27:59.229243,0.11,-0.09,1.2
2024-05-22 19:27:59.330860,0.11,-0.11,1.2
2024-05-22 19:27:59.432873,0.09,-0.11,1.22
2024-05-22 19:27:59.536298,0.09,-0.11,1.19
2024-05-22 19:27:59.637167,0.11,-0.1,1.18
2024-05-22 19:27:59.737820,0.09,-0.11,1.18
2024-05-22 19:27:59.839755,0.12,-0.12,1.19
2024-05-22 19:27:59.943034,0.11,-0.13,1.21
2024-05-22 19:28:00.045125,0.1,-0.13,1.22
2024-05-22 19:28:00.146711,0.1,-0.11,1.21
2024-05-22 19:28:00.249217,0.11,-0.11,1.19
2024-05-22 19:28:00.350787,0.11,-0.13,1.2
2024-05-22 19:28:00.452833,0.12,-0.12,1.21
2024-05-22 19:28:00.554878,0.11,-0.12,1.22
2024-05-22 19:28:00.657574,0.07,-0.12,1.19
2024-05-22 19:28:00.759451,0.09,-0.11,1.21
2024-05-22 19:28:00.860186,0.1,-0.11,1.2
2024-05-22 19:28:00.962744,0.11,-0.12,1.21
2024-05-22 19:28:01.064503,0.1,-0.12,1.2
2024-05-22 19:28:01.166403,0.13,-0.12,1.21
2024-05-22 19:28:01.268567,0.13,-0.12,1.18
2024-05-22 19:28:01.371365,0.12,-0.12,1.2
2024-05-22 19:28:01.472621,0.14,-0.14,1.22
2024-05-22 19:28:01.574574,0.12,-0.12,1.2
2024-05-22 19:28:01.676555,0.12,-0.12,1.2
2024-05-22 19:28:01.778396,0.05,-0.12,1.23
2024-05-22 19:28:01.881187,-0.35,-0.15,1.3
2024-05-22 19:28:01.983156,-0.42,-0.07,1.29
2024-05-22 19:28:02.083249,0.03,0.17,1.13
2024-05-22 19:28:02.185051,0.52,0.08,1.18
2024-05-22 19:28:02.288025,0.55,-0.09,1.19
2024-05-22 19:28:02.390491,0.41,-0.18,1.18
2024-05-22 19:28:02.491391,0.32,-0.22,1.2
2024-05-22 19:28:02.594169,0.21,-0.23,1.2
2024-05-22 19:28:02.696376,0.2,-0.21,1.22
2024-05-22 19:28:02.798164,0.2,-0.21,1.18
2024-05-22 19:28:02.900565,0.23,-0.21,1.18
2024-05-22 19:28:03.002145,0.2,-0.22,1.19
2024-05-22 19:28:03.104331,0.18,-0.24,1.17
2024-05-22 19:28:03.206902,0.18,-0.21,1.21
2024-05-22 19:28:03.307478,0.17,-0.21,1.16
2024-05-22 19:28:03.409616,0.17,-0.23,1.15
2024-05-22 19:28:03.511993,0.2,-0.22,1.16
2024-05-22 19:28:03.614143,0.19,-0.22,1.16
2024-05-22 19:28:03.715685,0.17,-0.22,1.2
2024-05-22 19:28:03.817773,0.19,-0.22,1.15
2024-05-22 19:28:03.919301,0.17,-0.22,1.18
2024-05-22 19:28:04.021821,0.19,-0.23,1.16
2024-05-22 19:28:04.124870,0.18,-0.22,1.19
2024-05-22 19:28:04.226129,0.16,-0.22,1.19
2024-05-22 19:28:04.327138,0.17,-0.21,1.17
2024-05-22 19:28:04.429278,0.17,-0.21,1.17
2024-05-22 19:28:04.531921,0.16,-0.21,1.18
2024-05-22 19:28:04.633860,0.15,-0.22,1.18
2024-05-22 19:28:04.735428,0.16,-0.21,1.18
2024-05-22 19:28:04.837595,0.16,-0.2,1.16
2024-05-22 19:28:04.939617,0.14,-0.21,1.19
2024-05-22 19:28:05.040717,0.16,-0.21,1.19
2024-05-22 19:28:05.142657,0.16,-0.2,1.18
2024-05-22 19:28:05.244261,0.18,-0.2,1.18
2024-05-22 19:28:05.346895,0.14,-0.21,1.18
2024-05-22 19:28:05.449556,0.16,-0.21,1.18
2024-05-22 19:28:05.551174,0.15,-0.21,1.18
2024-05-22 19:28:05.653060,0.17,-0.21,1.17
2024-05-22 19:28:05.755902,0.14,-0.21,1.2
2024-05-22 19:28:05.857481,0.19,-0.22,1.19
2024-05-22 19:28:05.959480,0.24,-0.2,1.18
2024-05-22 19:28:06.061203,0.37,-0.17,1.14
2024-05-22 19:28:06.163283,0.47,-0.07,1.13
2024-05-22 19:28:06.265823,0.24,-0.02,1.22
2024-05-22 19:28:06.367372,-0.02,0.02,1.19
2024-05-22 19:28:06.467908,-0.28,0,1.2
2024-05-22 19:28:06.572108,-0.45,-0.06,1.21
2024-05-22 19:28:06.673973,-0.23,-0.09,1.26
2024-05-22 19:28:06.776135,-0.02,-0.08,1.21
2024-05-22 19:28:06.876758,0,-0.07,1.2
2024-05-22 19:28:06.980148,0,-0.07,1.2
2024-05-22 19:28:07.080949,-0.03,-0.08,1.2
2024-05-22 19:28:07.183785,-0.01,-0.07,1.2
2024-05-22 19:28:07.285585,-0.04,-0.08,1.22
2024-05-22 19:28:07.387925,-0.03,-0.07,1.23
2024-05-22 19:28:07.490553,-0.06,-0.06,1.25
2024-05-22 19:28:07.592461,-0.02,-0.07,1.24
2024-05-22 19:28:07.693814,0,-0.07,1.19
2024-05-22 19:28:07.795039,0,-0.09,1.2
2024-05-22 19:28:07.897769,-0.02,-0.09,1.22
2024-05-22 19:28:07.999505,-0.01,-0.07,1.2
2024-05-22 19:28:08.101420,-0.01,-0.07,1.2
2024-05-22 19:28:08.203659,-0.01,-0.07,1.22
2024-05-22 19:28:08.305474,0,-0.08,1.21
2024-05-22 19:28:08.407489,0,-0.07,1.21
2024-05-22 19:28:08.507653,0,-0.07,1.2
2024-05-22 19:28:08.610497,0,-0.07,1.21
2024-05-22 19:28:08.712770,0,-0.07,1.21
2024-05-22 19:28:08.814155,0,-0.08,1.23
2024-05-22 19:28:08.915693,0,-0.08,1.21
2024-05-22 19:28:09.018300,0,-0.07,1.19
2024-05-22 19:28:09.120480,0,-0.06,1.22
2024-05-22 19:28:09.221781,0.01,-0.06,1.23
2024-05-22 19:28:09.325147,0,-0.07,1.19
2024-05-22 19:28:09.425797,0,-0.06,1.22
2024-05-22 19:28:09.529085,0,-0.07,1.21
2024-05-22 19:28:09.629902,0,-0.06,1.21
2024-05-22 19:28:09.732035,0,-0.07,1.2
2024-05-22 19:28:09.834737,0.01,-0.07,1.2
2024-05-22 19:28:09.935263,0,-0.07,1.21
2024-05-22 19:28:10.037693,0,-0.07,1.22
2024-05-22 19:28:10.140499,0,-0.07,1.21
2024-05-22 19:28:10.242640,0.01,-0.07,1.2
2024-05-22 19:28:10.343808,0.01,-0.08,1.21
2024-05-22 19:28:10.445818,0,-0.08,1.22
2024-05-22 19:28:10.547688,0,-0.09,1.2
2024-05-22 19:28:10.650433,-0.17,-0.08,1.19
2024-05-22 19:28:10.753344,-0.54,-0.04,1.27
2024-05-22 19:28:10.853702,-0.23,0.07,1.3
2024-05-22 19:28:10.954038,0.14,0.12,1.19
2024-05-22 19:28:11.055141,0.45,0.05,1.07
2024-05-22 19:28:11.159500,0.5,-0.05,1.17
2024-05-22 19:28:11.262150,0.35,-0.16,1.22
2024-05-22 19:28:11.363413,0.16,-0.18,1.22
2024-05-22 19:28:11.466006,0.11,-0.19,1.2
2024-05-22 19:28:11.566752,0.1,-0.19,1.2
2024-05-22 19:28:11.669338,0.1,-0.18,1.18
2024-05-22 19:28:11.770861,0.06,-0.18,1.2
2024-05-22 19:28:11.873011,0.1,-0.18,1.18
2024-05-22 19:28:11.974985,0.1,-0.17,1.2
2024-05-22 19:28:12.077144,0.09,-0.17,1.2
2024-05-22 19:28:12.178469,0.11,-0.18,1.2
2024-05-22 19:28:12.281091,0.08,-0.18,1.19
2024-05-22 19:28:12.382096,0.11,-0.16,1.19
2024-05-22 19:28:12.484958,0.09,-0.16,1.18
2024-05-22 19:28:12.585884,0.11,-0.17,1.19
2024-05-22 19:28:12.687911,0.1,-0.16,1.2
2024-05-22 19:28:12.790817,0.12,-0.16,1.19
2024-05-22 19:28:12.893167,0.1,-0.16,1.21
2024-05-22 19:28:12.994946,0.12,-0.16,1.2
2024-05-22 19:28:13.097313,0.11,-0.16,1.2
2024-05-22 19:28:13.198924,0.11,-0.17,1.19
2024-05-22 19:28:13.300820,0.12,-0.15,1.19
2024-05-22 19:28:13.402737,0.09,-0.15,1.19
2024-05-22 19:28:13.504776,0.09,-0.16,1.2
2024-05-22 19:28:13.606202,0.12,-0.16,1.19
2024-05-22 19:28:13.708800,0.11,-0.16,1.2
2024-05-22 19:28:13.810447,0.1,-0.15,1.18
2024-05-22 19:28:13.912246,0.1,-0.16,1.19
2024-05-22 19:28:14.015791,0.11,-0.15,1.2
2024-05-22 19:28:14.116803,0.11,-0.16,1.2
2024-05-22 19:28:14.218434,0.12,-0.16,1.19
2024-05-22 19:28:14.320720,0.11,-0.16,1.2
2024-05-22 19:28:14.422209,0.11,-0.16,1.18
2024-05-22 19:28:14.525402,0.11,-0.15,1.2
2024-05-22 19:28:14.626510,0.11,-0.15,1.21
2024-05-22 19:28:14.728015,0.14,-0.15,1.21
2024-05-22 19:28:14.830159,0.17,-0.16,1.21
2024-05-22 19:28:14.933171,0.12,-0.18,1.2
2024-05-22 19:28:15.034905,0.12,-0.16,1.15
2024-05-22 19:28:15.136250,0.3,-0.16,1.24
2024-05-22 19:28:15.237754,0.39,-0.03,1.18
2024-05-22 19:28:15.339213,0.19,0.02,1.16
2024-05-22 19:28:15.441762,-0.16,0.01,1.13
2024-05-22 19:28:15.544076,-0.25,0,1.23
2024-05-22 19:28:15.647411,-0.34,-0.02,1.21
2024-05-22 19:28:15.749471,-0.16,-0.02,1.24
2024-05-22 19:28:15.850797,-0.09,-0.05,1.23
2024-05-22 19:28:15.953010,-0.06,-0.03,1.2
2024-05-22 19:28:16.054946,-0.02,-0.04,1.2
2024-05-22 19:28:16.157510,-0.05,-0.03,1.2
2024-05-22 19:28:16.259000,-0.05,-0.04,1.23
2024-05-22 19:28:16.360891,-0.05,-0.03,1.21
2024-05-22 19:28:16.462855,-0.04,-0.04,1.22
2024-05-22 19:28:16.564954,-0.03,-0.04,1.22
2024-05-22 19:28:16.667229,-0.03,-0.04,1.21
2024-05-22 19:28:16.768732,-0.01,-0.04,1.19
2024-05-22 19:28:16.870775,-0.04,-0.04,1.21
2024-05-22 19:28:16.973653,-0.04,-0.04,1.23
2024-05-22 19:28:17.074735,-0.02,-0.04,1.2
2024-05-22 19:28:17.176558,-0.03,-0.04,1.23
2024-05-22 19:28:17.278135,-0.03,-0.04,1.19
2024-05-22 19:28:17.380179,-0.04,-0.04,1.21
2024-05-22 19:28:17.482254,-0.02,-0.05,1.2
2024-05-22 19:28:17.584424,-0.03,-0.05,1.21
2024-05-22 19:28:17.686877,-0.02,-0.04,1.22
2024-05-22 19:28:17.788163,-0.02,-0.05,1.22
2024-05-22 19:28:17.889401,0,-0.05,1.21
2024-05-22 19:28:17.992215,-0.02,-0.04,1.23
2024-05-22 19:28:18.093674,0,-0.06,1.2
2024-05-22 19:28:18.195249,0,-0.06,1.19
2024-05-22 19:28:18.298593,-0.04,-0.03,1.2
2024-05-22 19:28:18.399810,-0.01,-0.06,1.22
2024-05-22 19:28:18.502618,-0.01,-0.04,1.21
2024-05-22 19:28:18.602508,0,-0.05,1.21
2024-05-22 19:28:18.704830,-0.01,-0.06,1.23
2024-05-22 19:28:18.808475,-0.01,-0.05,1.21
2024-05-22 19:28:18.908595,0.01,-0.04,1.21
2024-05-22 19:28:19.011603,-0.01,-0.04,1.21
2024-05-22 19:28:19.113154,0,-0.05,1.2
2024-05-22 19:28:19.215093,0.02,-0.05,1.22
2024-05-22 19:28:19.317235,-0.01,-0.05,1.23
2024-05-22 19:28:19.418659,0,-0.05,1.2
2024-05-22 19:28:19.521402,0,-0.06,1.21
2024-05-22 19:28:19.624179,-0.01,-0.05,1.22
2024-05-22 19:28:19.725512,-0.27,-0.04,1.28
2024-05-22 19:28:19.827522,-0.53,0,1.28
2024-05-22 19:28:19.929483,-0.04,0.09,1.3
2024-05-22 19:28:20.028515,0.38,0.02,1.08
2024-05-22 19:28:20.132306,0.59,-0.04,1.13
2024-05-22 19:28:20.234639,0.26,-0.17,1.21
2024-05-22 19:28:20.336535,0.15,-0.2,1.2
2024-05-22 19:28:20.437464,0.07,-0.2,1.2
2024-05-22 19:28:20.539719,0.04,-0.19,1.18
2024-05-22 19:28:20.642770,0.02,-0.19,1.2
2024-05-22 19:28:20.744307,0.04,-0.17,1.19
2024-05-22 19:28:20.847280,0.05,-0.18,1.2
2024-05-22 19:28:20.948832,0.07,-0.18,1.18
2024-05-22 19:28:21.050541,0.07,-0.18,1.18
2024-05-22 19:28:21.151355,0.06,-0.18,1.17
2024-05-22 19:28:21.254013,0.05,-0.19,1.19
2024-05-22 19:28:21.354962,0.07,-0.18,1.2
2024-05-22 19:28:21.458090,0.07,-0.18,1.2
2024-05-22 19:28:21.560682,0.09,-0.18,1.17
2024-05-22 19:28:21.661471,0.08,-0.17,1.19
2024-05-22 19:28:21.763748,0.05,-0.18,1.19
2024-05-22 19:28:21.866243,0.09,-0.18,1.19
2024-05-22 19:28:21.968467,0.06,-0.18,1.18
2024-05-22 19:28:22.070092,0.07,-0.18,1.2
2024-05-22 19:28:22.171779,0.07,-0.18,1.2
2024-05-22 19:28:22.274113,0.08,-0.18,1.19
2024-05-22 19:28:22.376137,0.06,-0.18,1.2
2024-05-22 19:28:22.477701,0.07,-0.18,1.19
2024-05-22 19:28:22.579803,0.08,-0.18,1.21
2024-05-22 19:28:22.681853,0.09,-0.18,1.19
2024-05-22 19:28:22.783852,0.1,-0.18,1.19
2024-05-22 19:28:22.885626,0.09,-0.18,1.18
2024-05-22 19:28:22.987625,0.07,-0.17,1.2
2024-05-22 19:28:23.089691,0.1,-0.18,1.2
2024-05-22 19:28:23.191804,0.1,-0.18,1.19
2024-05-22 19:28:23.292811,0.09,-0.17,1.19
2024-05-22 19:28:23.395666,0.09,-0.18,1.2
2024-05-22 19:28:23.497586,0.07,-0.18,1.2
2024-05-22 19:28:23.599462,0.09,-0.17,1.19
2024-05-22 19:28:23.700570,0.08,-0.17,1.18
2024-05-22 19:28:23.803030,0.09,-0.18,1.19
2024-05-22 19:28:23.905334,0.09,-0.18,1.19
2024-05-22 19:28:24.006740,0.09,-0.17,1.19
2024-05-22 19:28:24.108972,0.14,-0.18,1.2
2024-05-22 19:28:24.211215,0.25,-0.17,1.19
2024-05-22 19:28:24.313459,0.3,-0.06,1.18
2024-05-22 19:28:24.415736,0.15,-0.01,1.27
2024-05-22 19:28:24.516691,0.23,0.04,1.19
2024-05-22 19:28:24.619155,-0.32,0.15,1.2
2024-05-22 19:28:24.720982,-0.57,0.05,1.33
2024-05-22 19:28:24.823285,-0.34,0,1.26
2024-05-22 19:28:24.926406,-0.07,-0.01,1.25
2024-05-22 19:28:25.027238,0.01,-0.01,1.22
2024-05-22 19:28:25.128921,0.01,-0.01,1.18
2024-05-22 19:28:25.231150,0,-0.01,1.21
2024-05-22 19:28:25.334708,0,-0.02,1.2
2024-05-22 19:28:25.435889,-0.06,-0.02,1.21
2024-05-22 19:28:25.537832,-0.02,-0.03,1.23
2024-05-22 19:28:25.639075,0,-0.02,1.22
2024-05-22 19:28:25.741335,0,-0.02,1.21
2024-05-22 19:28:25.841548,0,-0.02,1.21
2024-05-22 19:28:25.944771,0,-0.03,1.22
2024-05-22 19:28:26.047381,0,-0.02,1.23
2024-05-22 19:28:26.148411,0,-0.02,1.21
2024-05-22 19:28:26.250420,0,-0.02,1.22
2024-05-22 19:28:26.352750,-0.01,-0.02,1.21
2024-05-22 19:28:26.453874,0,-0.02,1.23
2024-05-22 19:28:26.557375,0.01,-0.02,1.19
2024-05-22 19:28:26.659474,0,-0.02,1.21
2024-05-22 19:28:26.760824,0,-0.02,1.2
2024-05-22 19:28:26.863850,0.01,-0.03,1.2
2024-05-22 19:28:26.964559,0.02,-0.04,1.23
2024-05-22 19:28:27.066080,0.01,-0.02,1.21
2024-05-22 19:28:27.168738,0.02,-0.03,1.2
2024-05-22 19:28:27.268941,0,-0.01,1.21
2024-05-22 19:28:27.372411,0.01,-0.03,1.22
2024-05-22 19:28:27.473133,0,-0.04,1.23
2024-05-22 19:28:27.575190,0.02,-0.03,1.2
2024-05-22 19:28:27.677260,0,-0.02,1.22
2024-05-22 19:28:27.779938,0.02,-0.02,1.23
2024-05-22 19:28:27.882368,0,-0.02,1.21
2024-05-22 19:28:27.983240,0.04,-0.04,1.2
2024-05-22 19:28:28.085281,0,-0.02,1.21
2024-05-22 19:28:28.187719,0.02,-0.03,1.22
2024-05-22 19:28:28.289826,0.02,-0.03,1.21
2024-05-22 19:28:28.391801,0.03,-0.03,1.22
2024-05-22 19:28:28.493808,0.01,-0.04,1.23
2024-05-22 19:28:28.595987,0,-0.04,1.2
2024-05-22 19:28:28.698085,0,-0.03,1.21
2024-05-22 19:28:28.800357,-0.27,-0.02,1.32
2024-05-22 19:28:28.901537,-0.42,0.03,1.27
2024-05-22 19:28:29.003222,-0.16,0.08,1.28
2024-05-22 19:28:29.104734,0.09,0.07,1.17
2024-05-22 19:28:29.206056,0.36,0.05,1.12
2024-05-22 19:28:29.309502,0.52,-0.08,1.13
2024-05-22 19:28:29.411822,0.31,-0.16,1.18
2024-05-22 19:28:29.513495,0.12,-0.19,1.22
2024-05-22 19:28:29.615587,0.12,-0.18,1.2
2024-05-22 19:28:29.717525,0.14,-0.17,1.2
2024-05-22 19:28:29.819263,0.11,-0.16,1.17
2024-05-22 19:28:29.921644,0.08,-0.16,1.18
2024-05-22 19:28:30.023724,0.09,-0.16,1.2
2024-05-22 19:28:30.124351,0.09,-0.16,1.22
2024-05-22 19:28:30.226103,0.07,-0.16,1.2
2024-05-22 19:28:30.329072,0.09,-0.16,1.18
2024-05-22 19:28:30.430201,0.09,-0.16,1.19
2024-05-22 19:28:30.532661,0.11,-0.16,1.21
2024-05-22 19:28:30.634986,0.09,-0.16,1.17
2024-05-22 19:28:30.736612,0.09,-0.15,1.21
2024-05-22 19:28:30.839767,0.1,-0.16,1.18
2024-05-22 19:28:30.940818,0.09,-0.16,1.2
2024-05-22 19:28:31.043398,0.09,-0.16,1.19
2024-05-22 19:28:31.143885,0.11,-0.15,1.19
2024-05-22 19:28:31.246533,0.09,-0.14,1.2
2024-05-22 19:28:31.348918,0.1,-0.16,1.2
2024-05-22 19:28:31.450100,0.09,-0.16,1.2
2024-05-22 19:28:31.553020,0.09,-0.15,1.19
2024-05-22 19:28:31.655309,0.11,-0.16,1.2
2024-05-22 19:28:31.757422,0.1,-0.16,1.18
2024-05-22 19:28:31.858476,0.1,-0.16,1.19
2024-05-22 19:28:31.960503,0.1,-0.16,1.18
2024-05-22 19:28:32.062723,0.12,-0.16,1.2
2024-05-22 19:28:32.163458,0.1,-0.16,1.19
2024-05-22 19:28:32.265767,0.09,-0.16,1.2
2024-05-22 19:28:32.368991,0.07,-0.16,1.21
2024-05-22 19:28:32.470681,0.09,-0.15,1.19
2024-05-22 19:28:32.572304,0.08,-0.16,1.18
2024-05-22 19:28:32.675142,0.08,-0.16,1.19
2024-05-22 19:28:32.776292,0.11,-0.17,1.19
2024-05-22 19:28:32.878459,0.14,-0.16,1.2
2024-05-22 19:28:32.980502,0.27,-0.14,1.24
2024-05-22 19:28:33.081523,0.43,-0.09,1.24
2024-05-22 19:28:33.183717,0.27,0,1.13
2024-05-22 19:28:33.284590,0.06,0.11,1.14
2024-05-22 19:28:33.387565,-0.21,0.16,1.21
2024-05-22 19:28:33.490772,-0.59,0.07,1.27
2024-05-22 19:28:33.591808,-0.28,0.02,1.25
2024-05-22 19:28:33.694146,0,0.01,1.26
2024-05-22 19:28:33.795614,0.11,-0.02,1.2
2024-05-22 19:28:33.898146,0.05,0,1.2
2024-05-22 19:28:33.999736,0.04,-0.03,1.21
2024-05-22 19:28:34.101959,0,-0.02,1.25
2024-05-22 19:28:34.203804,0.02,-0.02,1.2
2024-05-22 19:28:34.305739,0.02,-0.01,1.2
2024-05-22 19:28:34.407472,0.01,-0.02,1.22
2024-05-22 19:28:34.509487,0.01,-0.01,1.21
2024-05-22 19:28:34.611525,0.04,0,1.18
2024-05-22 19:28:34.714264,0.03,-0.02,1.24
2024-05-22 19:28:34.816203,0.03,-0.02,1.23
2024-05-22 19:28:34.917333,0,-0.01,1.19
2024-05-22 19:28:35.019337,0.02,-0.02,1.22
2024-05-22 19:28:35.120456,0,-0.01,1.22
2024-05-22 19:28:35.222999,0.01,-0.02,1.22
2024-05-22 19:28:35.325625,0,-0.02,1.21
2024-05-22 19:28:35.427238,0.03,-0.02,1.21
2024-05-22 19:28:35.529398,0.02,-0.02,1.22
2024-05-22 19:28:35.631246,0.01,-0.02,1.22
2024-05-22 19:28:35.733486,0.01,-0.02,1.21
2024-05-22 19:28:35.835349,0.03,-0.03,1.21
2024-05-22 19:28:35.937150,0.03,-0.03,1.22
2024-05-22 19:28:36.039064,0.03,-0.02,1.21
2024-05-22 19:28:36.142313,0.02,-0.03,1.22
2024-05-22 19:28:36.242341,0.02,-0.03,1.21
2024-05-22 19:28:36.344608,0.03,-0.02,1.22
2024-05-22 19:28:36.447713,0.02,-0.02,1.2
2024-05-22 19:28:36.548664,0.02,-0.03,1.23
2024-05-22 19:28:36.650896,0.03,-0.04,1.22
2024-05-22 19:28:36.752872,0.02,-0.02,1.22
2024-05-22 19:28:36.854912,0.06,-0.03,1.22
2024-05-22 19:28:36.956397,0.04,-0.03,1.2
2024-05-22 19:28:37.058629,0.03,-0.02,1.21
2024-05-22 19:28:37.160562,0.04,-0.02,1.22
2024-05-22 19:28:37.262244,0.02,-0.02,1.23
2024-05-22 19:28:37.364921,-0.06,-0.04,1.22
2024-05-22 19:28:37.466691,-0.58,0,1.41
2024-05-22 19:28:37.568677,-0.33,0.2,1.29
2024-05-22 19:28:37.669806,0.19,0.2,1.16
2024-05-22 19:28:37.771383,0.48,0.12,1.1
2024-05-22 19:28:37.874623,0.44,0,1.2
2024-05-22 19:28:37.976090,0.28,-0.11,1.21
2024-05-22 19:28:38.078587,0.2,-0.13,1.22
2024-05-22 19:28:38.180371,0.11,-0.12,1.21
2024-05-22 19:28:38.282461,0.06,-0.12,1.2
2024-05-22 19:28:38.384409,0.05,-0.11,1.2
2024-05-22 19:28:38.486455,0.12,-0.12,1.2
2024-05-22 19:28:38.587998,0.08,-0.14,1.2
2024-05-22 19:28:38.691003,0.07,-0.14,1.22
2024-05-22 19:28:38.791796,0.05,-0.13,1.22
2024-05-22 19:28:38.894063,0.07,-0.14,1.2
2024-05-22 19:28:38.996367,0.05,-0.13,1.2
2024-05-22 19:28:39.097445,0.09,-0.13,1.21
2024-05-22 19:28:39.200143,0.07,-0.13,1.2
2024-05-22 19:28:39.302072,0.07,-0.14,1.2
2024-05-22 19:28:39.404000,0.11,-0.13,1.19
2024-05-22 19:28:39.506053,0.08,-0.12,1.2
2024-05-22 19:28:39.608986,0.07,-0.13,1.19
2024-05-22 19:28:39.709564,0.08,-0.14,1.2
2024-05-22 19:28:39.812518,0.09,-0.12,1.19
2024-05-22 19:28:39.913836,0.09,-0.13,1.19
2024-05-22 19:28:40.015235,0.1,-0.14,1.21
2024-05-22 19:28:40.116777,0.09,-0.14,1.23
2024-05-22 19:28:40.219804,0.11,-0.13,1.19
2024-05-22 19:28:40.322095,0.1,-0.14,1.18
2024-05-22 19:28:40.424129,0.09,-0.13,1.19
2024-05-22 19:28:40.525231,0.1,-0.13,1.19
2024-05-22 19:28:40.627467,0.11,-0.14,1.21
2024-05-22 19:28:40.729675,0.07,-0.13,1.2
2024-05-22 19:28:40.831876,0.11,-0.13,1.19
2024-05-22 19:28:40.933658,0.11,-0.13,1.2
2024-05-22 19:28:41.035991,0.11,-0.13,1.2
2024-05-22 19:28:41.137951,0.08,-0.14,1.21
2024-05-22 19:28:41.240433,0.08,-0.13,1.2
2024-05-22 19:28:41.340797,0.09,-0.13,1.2
2024-05-22 19:28:41.442918,0.1,-0.14,1.19
2024-05-22 19:28:41.545945,0.09,-0.13,1.2
2024-05-22 19:28:41.647305,0.09,-0.13,1.21
2024-05-22 19:28:41.749596,0.1,-0.13,1.2
2024-05-22 19:28:41.852444,0.11,-0.14,1.21
2024-05-22 19:28:41.953330,0.16,-0.14,1.2
2024-05-22 19:28:42.055921,0.3,-0.11,1.22
2024-05-22 19:28:42.156406,0.45,0.03,1.18
2024-05-22 19:28:42.258009,0.39,0.09,1.15
2024-05-22 19:28:42.360262,0,0.07,1.24
2024-05-22 19:28:42.462603,-0.25,0.11,1.19
2024-05-22 19:28:42.564062,-0.44,0.11,1.27
2024-05-22 19:28:42.666066,-0.36,0.02,1.25
2024-05-22 19:28:42.771218,-0.09,-0.02,1.2
2024-05-22 19:28:42.870235,0.01,0,1.24
2024-05-22 19:28:42.974737,-0.01,-0.02,1.22
2024-05-22 19:28:43.074616,-0.04,0,1.22
2024-05-22 19:28:43.177980,-0.02,0,1.26
2024-05-22 19:28:43.278676,-0.04,-0.01,1.23
2024-05-22 19:28:43.381237,-0.02,-0.02,1.2
2024-05-22 19:28:43.483286,0,-0.03,1.21
2024-05-22 19:28:43.585622,-0.01,-0.02,1.21
2024-05-22 19:28:43.687016,0,-0.02,1.22
2024-05-22 19:28:43.788430,0.01,-0.02,1.2
2024-05-22 19:28:43.891585,-0.03,-0.03,1.23
2024-05-22 19:28:43.992942,0,-0.02,1.2
2024-05-22 19:28:44.095780,-0.01,-0.02,1.21
2024-05-22 19:28:44.197586,-0.01,-0.03,1.22
2024-05-22 19:28:44.299819,0,-0.03,1.21
2024-05-22 19:28:44.400392,0,-0.02,1.21
2024-05-22 19:28:44.501910,0,-0.03,1.23
2024-05-22 19:28:44.605319,-0.01,-0.02,1.21
2024-05-22 19:28:44.706098,0,-0.03,1.21
2024-05-22 19:28:44.808668,0,-0.04,1.22
2024-05-22 19:28:44.910232,0,-0.04,1.21
2024-05-22 19:28:45.012462,0,-0.02,1.21
2024-05-22 19:28:45.114400,0.01,-0.04,1.2
2024-05-22 19:28:45.214986,0,-0.04,1.23
2024-05-22 19:28:45.317979,0.02,-0.05,1.21
2024-05-22 19:28:45.420491,0,-0.04,1.21
2024-05-22 19:28:45.521798,0,-0.04,1.23
2024-05-22 19:28:45.625122,-0.01,-0.02,1.21
2024-05-22 19:28:45.726152,0,-0.04,1.2
2024-05-22 19:28:45.827360,0.02,-0.04,1.22
2024-05-22 19:28:45.929997,0,-0.04,1.24
2024-05-22 19:28:46.032770,0,-0.02,1.21
2024-05-22 19:28:46.132706,0,-0.03,1.2
2024-05-22 19:28:46.235624,0,-0.02,1.23
2024-05-22 19:28:46.336686,0,-0.04,1.22
2024-05-22 19:28:46.439392,0.04,-0.05,1.23
2024-05-22 19:28:46.541790,0,-0.02,1.24
2024-05-22 19:28:46.644403,-0.07,-0.02,1.21
2024-05-22 19:28:46.744768,0,-0.04,1.18
2024-05-22 19:28:46.847263,0.04,-0.04,1.21
2024-05-22 19:28:46.949872,0.03,-0.03,1.21
2024-05-22 19:28:47.050313,0.05,-0.02,1.19
2024-05-22 19:28:47.154022,0,-0.1,1.22
2024-05-22 19:28:47.254361,0.13,0.24,1.25
2024-05-22 19:28:47.357179,0,0.07,1.2
2024-05-22 19:28:47.458794,0.02,-0.03,1.25
2024-05-22 19:28:47.559477,0,0.06,1.16
2024-05-22 19:28:47.662328,0.04,0.08,1.24
2024-05-22 19:28:47.763448,0.07,0,1.18
2024-05-22 19:28:47.865296,0.06,0,1.2
2024-05-22 19:28:47.969026,0.07,-0.03,1.22
2024-05-22 19:28:48.071822,0.07,-0.03,1.22
2024-05-22 19:28:48.173071,0.09,0.02,1.19
2024-05-22 19:28:48.272573,0.07,0.02,1.22
2024-05-22 19:28:48.376060,0.1,-0.02,1.23
2024-05-22 19:28:48.477474,0.09,-0.03,1.23
2024-05-22 19:28:48.578347,0.06,0,1.18
2024-05-22 19:28:48.681662,0.07,0,1.23
2024-05-22 19:28:48.783379,0.08,0,1.23
2024-05-22 19:28:48.885628,0.07,-0.02,1.2
2024-05-22 19:28:48.987236,0.05,0,1.2
2024-05-22 19:28:49.089537,0.05,0.01,1.21
2024-05-22 19:28:49.190787,0.07,0,1.23
2024-05-22 19:28:49.293072,0.07,-0.01,1.21
